{
  "experiment": "KDE-NB features=['f2', 'f5']",
  "threshold": 0.5064614432727981,
  "n_test": 80,
  "accuracy": 0.65,
  "precision": 0.6428571428571429,
  "recall": 0.675,
  "f1": 0.6585365853658537,
  "roc_auc": 0.6750000000000002,
  "confusion_matrix": [
    [
      25,
      15
    ],
    [
      13,
      27
    ]
  ]
}