{
  "experiment": "Logistic-Regression features=['f1', 'f2', 'f3', 'f4', 'f5']",
  "threshold": 0.48365657426535197,
  "n_test": 80,
  "accuracy": 0.6875,
  "precision": 0.6744186046511628,
  "recall": 0.725,
  "f1": 0.6987951807228916,
  "roc_auc": 0.7200000000000001,
  "confusion_matrix": [
    [
      26,
      14
    ],
    [
      11,
      29
    ]
  ]
}