{
  "experiment": "P3 KDE-NB features=['f1', 'f2', 'f3', 'f4', 'f5']",
  "n_test": 40,
  "accuracy": 0.525,
  "precision": 0.5238095238095238,
  "recall": 0.55,
  "f1": 0.5365853658536586,
  "roc_auc": 0.5874999999999999,
  "confusion_matrix": [
    [
      10,
      10
    ],
    [
      9,
      11
    ]
  ]
}