{
  "experiment": "KDE-NB features=['f1', 'f2', 'f3', 'f4', 'f5']",
  "threshold": 0.43186880712781983,
  "n_test": 40,
  "accuracy": 0.675,
  "precision": 0.6206896551724138,
  "recall": 0.9,
  "f1": 0.7346938775510204,
  "roc_auc": 0.6775000000000001,
  "confusion_matrix": [
    [
      9,
      11
    ],
    [
      2,
      18
    ]
  ]
}