{
  "experiment": "P3 KDE-NB features=['f2']",
  "n_test": 40,
  "accuracy": 0.575,
  "precision": 0.5555555555555556,
  "recall": 0.75,
  "f1": 0.6382978723404256,
  "roc_auc": 0.585,
  "confusion_matrix": [
    [
      8,
      12
    ],
    [
      5,
      15
    ]
  ]
}