{
  "experiment": "P3 KDE-NB features=['f1', 'f2', 'f3', 'f4', 'f5']",
  "n_test": 40,
  "accuracy": 0.525,
  "precision": 0.5294117647058824,
  "recall": 0.45,
  "f1": 0.4864864864864865,
  "roc_auc": 0.6775000000000001,
  "confusion_matrix": [
    [
      12,
      8
    ],
    [
      11,
      9
    ]
  ]
}