{
  "experiment": "KDE-NB features=['f2', 'f3', 'f5']",
  "threshold": 0.49575170342808816,
  "n_test": 80,
  "accuracy": 0.6375,
  "precision": 0.627906976744186,
  "recall": 0.675,
  "f1": 0.6506024096385542,
  "roc_auc": 0.67,
  "confusion_matrix": [
    [
      24,
      16
    ],
    [
      13,
      27
    ]
  ]
}