{
  "n_test": 40,
  "accuracy": 0.525,
  "precision": 0.5454545454545454,
  "recall": 0.3,
  "f1": 0.3870967741935484,
  "roc_auc": 0.6,
  "confusion_matrix": [
    [
      15,
      5
    ],
    [
      14,
      6
    ]
  ]
}