{
  "experiment": "P3 KDE-NB features=['f2', 'f5']",
  "n_test": 40,
  "accuracy": 0.6,
  "precision": 0.6428571428571429,
  "recall": 0.45,
  "f1": 0.5294117647058824,
  "roc_auc": 0.6799999999999999,
  "confusion_matrix": [
    [
      15,
      5
    ],
    [
      11,
      9
    ]
  ]
}