{
  "experiment": "P3 KDE-NB features=['f2', 'f5']",
  "n_test": 40,
  "accuracy": 0.55,
  "precision": 0.5416666666666666,
  "recall": 0.65,
  "f1": 0.5909090909090909,
  "roc_auc": 0.6100000000000001,
  "confusion_matrix": [
    [
      9,
      11
    ],
    [
      7,
      13
    ]
  ]
}