{
  "experiment": "KDE-NB features=['f2', 'f5']",
  "threshold": 0.46219692380530936,
  "n_test": 40,
  "accuracy": 0.625,
  "precision": 0.6,
  "recall": 0.75,
  "f1": 0.6666666666666666,
  "roc_auc": 0.6799999999999999,
  "confusion_matrix": [
    [
      10,
      10
    ],
    [
      5,
      15
    ]
  ]
}