{
  "classes": {
    "0": {
      "prior": 0.5,
      "f1": {
        "mu": 0.02065279305861891,
        "sigma": 0.05345513307523229,
        "log_transform": true
      },
      "f2": {
        "mu": 1.2942852785381849,
        "sigma": 0.3596847987602771,
        "log_transform": true
      },
      "f3": {
        "mu": 1.2742417712249658,
        "sigma": 0.48590161589427855,
        "log_transform": true
      },
      "f4": {
        "mu": 0.03557093044980736,
        "sigma": 0.014357594552256516,
        "log_transform": false
      },
      "f5": {
        "mu": 1.3326053345387683,
        "sigma": 1.0027455221357595,
        "log_transform": true
      }
    },
    "1": {
      "prior": 0.5,
      "f1": {
        "mu": 0.02481736184172929,
        "sigma": 0.06881602105843522,
        "log_transform": true
      },
      "f2": {
        "mu": 1.3730661251164837,
        "sigma": 0.32102053227659033,
        "log_transform": true
      },
      "f3": {
        "mu": 1.3324744102541828,
        "sigma": 0.47884835011026683,
        "log_transform": true
      },
      "f4": {
        "mu": 0.03686551152825959,
        "sigma": 0.01341530713565362,
        "log_transform": false
      },
      "f5": {
        "mu": 1.5882595677303943,
        "sigma": 1.0340110630059443,
        "log_transform": true
      }
    }
  },
  "train_ids": [
    "554",
    "720_672",
    "811",
    "033_097",
    "585_599",
    "897_969",
    "159",
    "434",
    "712",
    "572",
    "720",
    "253",
    "035_036",
    "263_284",
    "633_529",
    "066",
    "147",
    "969",
    "097",
    "222_168",
    "942",
    "644",
    "953_974",
    "588_556",
    "943_942",
    "153",
    "828",
    "033",
    "556_588",
    "651_835",
    "175_159",
    "147_055",
    "671_677",
    "252",
    "779_794",
    "994",
    "062",
    "252_266",
    "128",
    "183",
    "529_633",
    "572_554",
    "192_134",
    "134_192",
    "360",
    "107",
    "994_986",
    "456_435",
    "974",
    "589_565",
    "607",
    "438_434",
    "437",
    "924_917",
    "585",
    "435",
    "109_107",
    "835",
    "980",
    "441",
    "435_456",
    "828_830",
    "254",
    "469",
    "392",
    "266",
    "794_779",
    "222",
    "607_683",
    "683",
    "920",
    "321",
    "241_210",
    "648_654",
    "779",
    "438",
    "945_044",
    "830",
    "107_109",
    "716_712",
    "556",
    "272",
    "153_150",
    "969_897",
    "878_866",
    "456",
    "565",
    "866_878",
    "953",
    "206_221",
    "654",
    "657_644",
    "794",
    "672_720",
    "671",
    "565_589",
    "554_572",
    "097_033",
    "055",
    "396",
    "992",
    "437_360",
    "897",
    "339",
    "150_153",
    "263",
    "420_257",
    "588",
    "904_046",
    "134",
    "036_035",
    "920_811",
    "109",
    "439",
    "651",
    "396_272",
    "261",
    "241",
    "878",
    "529",
    "441_439",
    "924",
    "469_481",
    "811_920",
    "992_980",
    "254_261",
    "046",
    "044_945",
    "210",
    "159_175",
    "284",
    "175",
    "644_657",
    "221_206",
    "337_522",
    "288",
    "522_337",
    "044",
    "712_716",
    "168_222",
    "672",
    "917_924",
    "986",
    "183_253",
    "360_437",
    "339_392",
    "288_321",
    "261_254",
    "942_943",
    "599",
    "420",
    "648",
    "896_128",
    "257_420",
    "657",
    "168",
    "654_648",
    "835_651",
    "481_469",
    "055_147"
  ],
  "test_ids": [
    "337",
    "392_339",
    "974_953",
    "980_992",
    "221",
    "046_904",
    "257",
    "830_828",
    "599_585",
    "904",
    "066_062",
    "986_994",
    "035",
    "253_183",
    "943",
    "150",
    "677_671",
    "522",
    "917",
    "284_263",
    "677",
    "439_441",
    "210_241",
    "062_066",
    "434_438",
    "683_607",
    "128_896",
    "896",
    "272_396",
    "192",
    "321_288",
    "945",
    "716",
    "866",
    "589",
    "036",
    "633",
    "481",
    "266_252",
    "206"
  ]
}