{
  "features": [
    "f1",
    "f2",
    "f3",
    "f4",
    "f5"
  ],
  "coef": [
    -0.3458506822227838,
    1.0438453652815225,
    -0.85759142972712,
    0.168879351857266,
    0.3657961659842205
  ],
  "intercept": -0.8212294146857745,
  "log_transform_features": [
    "f1",
    "f5",
    "f3",
    "f2"
  ],
  "train_ids": [
    "200_189",
    "677",
    "035",
    "112",
    "109_107",
    "712",
    "945_044",
    "969",
    "992_980",
    "054",
    "542",
    "522",
    "986_994",
    "648_654",
    "615",
    "435",
    "904",
    "033_097",
    "060",
    "088",
    "168",
    "966",
    "648",
    "644_657",
    "027",
    "876_891",
    "687",
    "178_598",
    "720",
    "015_919",
    "607_683",
    "434",
    "550",
    "924",
    "055",
    "948",
    "150_153",
    "635_642",
    "183",
    "071_054",
    "679",
    "645",
    "062_066",
    "071",
    "257_420",
    "361",
    "664",
    "994",
    "456_435",
    "835_651",
    "671_677",
    "980_992",
    "779",
    "628_568",
    "253",
    "630_623",
    "920",
    "456",
    "272",
    "360_437",
    "128",
    "878",
    "222",
    "437",
    "779_794",
    "665",
    "054_071",
    "288_321",
    "623_630",
    "055_147",
    "588_556",
    "097_033",
    "585",
    "339_392",
    "420_257",
    "599_585",
    "657",
    "009",
    "448",
    "096_101",
    "651",
    "716_712",
    "356_324",
    "150",
    "251_375",
    "904_046",
    "966_988",
    "677_671",
    "228",
    "944_032",
    "178",
    "192_134",
    "987",
    "437_360",
    "737",
    "668",
    "107_109",
    "097",
    "246_258",
    "948_965",
    "396",
    "324",
    "469_481",
    "760",
    "381",
    "866_878",
    "706",
    "917_924",
    "628",
    "284",
    "008_990",
    "952",
    "965",
    "720_672",
    "568",
    "827_817",
    "321_288",
    "044_945",
    "439_441",
    "565",
    "589_565",
    "044",
    "951",
    "015",
    "657_644",
    "175",
    "109",
    "737_719",
    "271_264",
    "066",
    "719",
    "258_246",
    "892",
    "153_150",
    "849_771",
    "210",
    "645_688",
    "246",
    "683_607",
    "159",
    "897_969",
    "830_828",
    "853",
    "588",
    "630",
    "988_966",
    "441",
    "294",
    "719_737",
    "360",
    "253_183",
    "917",
    "882",
    "706_479",
    "672",
    "771",
    "891_876",
    "542_520",
    "550_452",
    "221",
    "032_944",
    "292",
    "036_035",
    "835",
    "452_550",
    "399_488",
    "035_036",
    "066_062",
    "644",
    "036",
    "679_665",
    "147_055",
    "183_253",
    "988",
    "811",
    "633",
    "609_596",
    "221_206",
    "969_897",
    "614_616",
    "147",
    "252_266",
    "481_469",
    "616",
    "272_396",
    "920_811",
    "096",
    "649_816",
    "611_760",
    "522_337",
    "376",
    "896_128",
    "828_830",
    "654",
    "616_614",
    "438_434",
    "786",
    "611",
    "672_720",
    "599",
    "834_852",
    "943",
    "266_252",
    "882_952",
    "568_628",
    "175_159",
    "852",
    "585_599",
    "980",
    "664_668",
    "254_261",
    "794",
    "046",
    "965_948",
    "266",
    "982",
    "852_834",
    "324_356",
    "292_294",
    "468_470",
    "992",
    "128_896",
    "439",
    "289_228",
    "468",
    "945",
    "994_986",
    "819_786",
    "947_951",
    "687_615",
    "817",
    "251",
    "004_982",
    "252",
    "827",
    "919",
    "642",
    "661",
    "241",
    "598_178",
    "438",
    "060_088",
    "615_687",
    "981",
    "469",
    "189_200",
    "189",
    "261_254",
    "572_554",
    "200",
    "192",
    "032",
    "134",
    "004",
    "828",
    "356",
    "688",
    "688_645",
    "816_649",
    "153",
    "554",
    "951_947",
    "974_953",
    "892_112",
    "982_004",
    "159_175",
    "623",
    "321",
    "088_060",
    "258",
    "944",
    "716",
    "479_706",
    "339",
    "337_522",
    "891",
    "392_339",
    "897",
    "943_942",
    "134_192",
    "399",
    "520_542",
    "027_009",
    "101_096",
    "938_987",
    "294_292",
    "470_468",
    "488",
    "396_272",
    "960_999",
    "033",
    "284_263",
    "263",
    "228_289",
    "520",
    "222_168",
    "381_376",
    "642_635",
    "614",
    "470",
    "830",
    "435_456",
    "452",
    "434_438",
    "375",
    "168_222",
    "985_981",
    "441_439",
    "981_985",
    "254",
    "834",
    "960",
    "876",
    "866",
    "811_920",
    "990_008",
    "598",
    "938",
    "556",
    "241_210"
  ],
  "test_ids": [
    "572",
    "288",
    "819",
    "878_866",
    "863_853",
    "794_779",
    "661_670",
    "942",
    "816",
    "670",
    "863",
    "479",
    "924_917",
    "760_611",
    "609",
    "529",
    "210_241",
    "786_819",
    "008",
    "596_609",
    "817_827",
    "942_943",
    "448_361",
    "670_661",
    "420",
    "953",
    "919_015",
    "633_529",
    "683",
    "712_716",
    "589",
    "375_251",
    "990",
    "264_271",
    "999",
    "376_381",
    "261",
    "649",
    "488_399",
    "263_284",
    "046_904",
    "062",
    "986",
    "671",
    "985",
    "853_863",
    "337",
    "953_974",
    "529_633",
    "392",
    "952_882",
    "654_648",
    "101",
    "107",
    "257",
    "112_892",
    "556_588",
    "607",
    "009_027",
    "361_448",
    "596",
    "264",
    "635",
    "668_664",
    "481",
    "987_938",
    "565_589",
    "665_679",
    "206",
    "896",
    "999_960",
    "651_835",
    "849",
    "206_221",
    "289",
    "771_849",
    "554_572",
    "974",
    "271",
    "947"
  ]
}